date_key,date,year,quarter,month_num,month_name,month_label,financial_year,month_index,ports_reporting,is_complete_month
201201,2012-01-01,2012,2012 Q1,1,Jan,Jan 2012,2012,0,9,1
201202,2012-02-01,2012,2012 Q1,2,Feb,Feb 2012,2012,1,9,1
201203,2012-03-01,2012,2012 Q1,3,Mar,Mar 2012,2012,2,9,1
201204,2012-04-01,2012,2012 Q2,4,Apr,Apr 2012,2012,3,9,1
201205,2012-05-01,2012,2012 Q2,5,May,May 2012,2012,4,9,1
201206,2012-06-01,2012,2012 Q2,6,Jun,Jun 2012,2012,5,9,1
201207,2012-07-01,2012,2012 Q3,7,Jul,Jul 2012,2013,6,9,1
201208,2012-08-01,2012,2012 Q3,8,Aug,Aug 2012,2013,7,9,1
201209,2012-09-01,2012,2012 Q3,9,Sep,Sep 2012,2013,8,9,1
201210,2012-10-01,2012,2012 Q4,10,Oct,Oct 2012,2013,9,9,1
201211,2012-11-01,2012,2012 Q4,11,Nov,Nov 2012,2013,10,9,1
201212,2012-12-01,2012,2012 Q4,12,Dec,Dec 2012,2013,11,9,1
201301,2013-01-01,2013,2013 Q1,1,Jan,Jan 2013,2013,12,9,1
201302,2013-02-01,2013,2013 Q1,2,Feb,Feb 2013,2013,13,9,1
201303,2013-03-01,2013,2013 Q1,3,Mar,Mar 2013,2013,14,9,1
201304,2013-04-01,2013,2013 Q2,4,Apr,Apr 2013,2013,15,9,1
201305,2013-05-01,2013,2013 Q2,5,May,May 2013,2013,16,9,1
201306,2013-06-01,2013,2013 Q2,6,Jun,Jun 2013,2013,17,9,1
201307,2013-07-01,2013,2013 Q3,7,Jul,Jul 2013,2014,18,9,1
201308,2013-08-01,2013,2013 Q3,8,Aug,Aug 2013,2014,19,9,1
201309,2013-09-01,2013,2013 Q3,9,Sep,Sep 2013,2014,20,9,1
201310,2013-10-01,2013,2013 Q4,10,Oct,Oct 2013,2014,21,9,1
201311,2013-11-01,2013,2013 Q4,11,Nov,Nov 2013,2014,22,9,1
201312,2013-12-01,2013,2013 Q4,12,Dec,Dec 2013,2014,23,9,1
201401,2014-01-01,2014,2014 Q1,1,Jan,Jan 2014,2014,24,9,1
201402,2014-02-01,2014,2014 Q1,2,Feb,Feb 2014,2014,25,9,1
201403,2014-03-01,2014,2014 Q1,3,Mar,Mar 2014,2014,26,9,1
201404,2014-04-01,2014,2014 Q2,4,Apr,Apr 2014,2014,27,9,1
201405,2014-05-01,2014,2014 Q2,5,May,May 2014,2014,28,9,1
201406,2014-06-01,2014,2014 Q2,6,Jun,Jun 2014,2014,29,9,1
201407,2014-07-01,2014,2014 Q3,7,Jul,Jul 2014,2015,30,9,1
201408,2014-08-01,2014,2014 Q3,8,Aug,Aug 2014,2015,31,9,1
201409,2014-09-01,2014,2014 Q3,9,Sep,Sep 2014,2015,32,9,1
201410,2014-10-01,2014,2014 Q4,10,Oct,Oct 2014,2015,33,9,1
201411,2014-11-01,2014,2014 Q4,11,Nov,Nov 2014,2015,34,9,1
201412,2014-12-01,2014,2014 Q4,12,Dec,Dec 2014,2015,35,9,1
201501,2015-01-01,2015,2015 Q1,1,Jan,Jan 2015,2015,36,9,1
201502,2015-02-01,2015,2015 Q1,2,Feb,Feb 2015,2015,37,9,1
201503,2015-03-01,2015,2015 Q1,3,Mar,Mar 2015,2015,38,9,1
201504,2015-04-01,2015,2015 Q2,4,Apr,Apr 2015,2015,39,9,1
201505,2015-05-01,2015,2015 Q2,5,May,May 2015,2015,40,9,1
201506,2015-06-01,2015,2015 Q2,6,Jun,Jun 2015,2015,41,9,1
201507,2015-07-01,2015,2015 Q3,7,Jul,Jul 2015,2016,42,9,1
201508,2015-08-01,2015,2015 Q3,8,Aug,Aug 2015,2016,43,9,1
201509,2015-09-01,2015,2015 Q3,9,Sep,Sep 2015,2016,44,9,1
201510,2015-10-01,2015,2015 Q4,10,Oct,Oct 2015,2016,45,9,1
201511,2015-11-01,2015,2015 Q4,11,Nov,Nov 2015,2016,46,9,1
201512,2015-12-01,2015,2015 Q4,12,Dec,Dec 2015,2016,47,9,1
201601,2016-01-01,2016,2016 Q1,1,Jan,Jan 2016,2016,48,9,1
201602,2016-02-01,2016,2016 Q1,2,Feb,Feb 2016,2016,49,9,1
201603,2016-03-01,2016,2016 Q1,3,Mar,Mar 2016,2016,50,9,1
201604,2016-04-01,2016,2016 Q2,4,Apr,Apr 2016,2016,51,9,1
201605,2016-05-01,2016,2016 Q2,5,May,May 2016,2016,52,9,1
201606,2016-06-01,2016,2016 Q2,6,Jun,Jun 2016,2016,53,9,1
201607,2016-07-01,2016,2016 Q3,7,Jul,Jul 2016,2017,54,9,1
201608,2016-08-01,2016,2016 Q3,8,Aug,Aug 2016,2017,55,9,1
201609,2016-09-01,2016,2016 Q3,9,Sep,Sep 2016,2017,56,9,1
201610,2016-10-01,2016,2016 Q4,10,Oct,Oct 2016,2017,57,9,1
201611,2016-11-01,2016,2016 Q4,11,Nov,Nov 2016,2017,58,9,1
201612,2016-12-01,2016,2016 Q4,12,Dec,Dec 2016,2017,59,9,1
201701,2017-01-01,2017,2017 Q1,1,Jan,Jan 2017,2017,60,8,0
201702,2017-02-01,2017,2017 Q1,2,Feb,Feb 2017,2017,61,9,1
201703,2017-03-01,2017,2017 Q1,3,Mar,Mar 2017,2017,62,9,1
201704,2017-04-01,2017,2017 Q2,4,Apr,Apr 2017,2017,63,9,1
201705,2017-05-01,2017,2017 Q2,5,May,May 2017,2017,64,9,1
201706,2017-06-01,2017,2017 Q2,6,Jun,Jun 2017,2017,65,9,1
201707,2017-07-01,2017,2017 Q3,7,Jul,Jul 2017,2018,66,9,1
201708,2017-08-01,2017,2017 Q3,8,Aug,Aug 2017,2018,67,9,1
201709,2017-09-01,2017,2017 Q3,9,Sep,Sep 2017,2018,68,9,1
201710,2017-10-01,2017,2017 Q4,10,Oct,Oct 2017,2018,69,9,1
201711,2017-11-01,2017,2017 Q4,11,Nov,Nov 2017,2018,70,9,1
201712,2017-12-01,2017,2017 Q4,12,Dec,Dec 2017,2018,71,9,1
201801,2018-01-01,2018,2018 Q1,1,Jan,Jan 2018,2018,72,9,1
201802,2018-02-01,2018,2018 Q1,2,Feb,Feb 2018,2018,73,9,1
201803,2018-03-01,2018,2018 Q1,3,Mar,Mar 2018,2018,74,9,1
201804,2018-04-01,2018,2018 Q2,4,Apr,Apr 2018,2018,75,9,1
201805,2018-05-01,2018,2018 Q2,5,May,May 2018,2018,76,9,1
201806,2018-06-01,2018,2018 Q2,6,Jun,Jun 2018,2018,77,9,1
201807,2018-07-01,2018,2018 Q3,7,Jul,Jul 2018,2019,78,9,1
201808,2018-08-01,2018,2018 Q3,8,Aug,Aug 2018,2019,79,9,1
201809,2018-09-01,2018,2018 Q3,9,Sep,Sep 2018,2019,80,9,1
201810,2018-10-01,2018,2018 Q4,10,Oct,Oct 2018,2019,81,9,1
201811,2018-11-01,2018,2018 Q4,11,Nov,Nov 2018,2019,82,9,1
201812,2018-12-01,2018,2018 Q4,12,Dec,Dec 2018,2019,83,9,1
201901,2019-01-01,2019,2019 Q1,1,Jan,Jan 2019,2019,84,9,1
201902,2019-02-01,2019,2019 Q1,2,Feb,Feb 2019,2019,85,9,1
201903,2019-03-01,2019,2019 Q1,3,Mar,Mar 2019,2019,86,9,1
201904,2019-04-01,2019,2019 Q2,4,Apr,Apr 2019,2019,87,9,1
201905,2019-05-01,2019,2019 Q2,5,May,May 2019,2019,88,9,1
201906,2019-06-01,2019,2019 Q2,6,Jun,Jun 2019,2019,89,9,1
201907,2019-07-01,2019,2019 Q3,7,Jul,Jul 2019,2020,90,9,1
201908,2019-08-01,2019,2019 Q3,8,Aug,Aug 2019,2020,91,9,1
201909,2019-09-01,2019,2019 Q3,9,Sep,Sep 2019,2020,92,9,1
201910,2019-10-01,2019,2019 Q4,10,Oct,Oct 2019,2020,93,9,1
201911,2019-11-01,2019,2019 Q4,11,Nov,Nov 2019,2020,94,9,1
201912,2019-12-01,2019,2019 Q4,12,Dec,Dec 2019,2020,95,9,1
202001,2020-01-01,2020,2020 Q1,1,Jan,Jan 2020,2020,96,9,1
202002,2020-02-01,2020,2020 Q1,2,Feb,Feb 2020,2020,97,9,1
202003,2020-03-01,2020,2020 Q1,3,Mar,Mar 2020,2020,98,9,1
202004,2020-04-01,2020,2020 Q2,4,Apr,Apr 2020,2020,99,9,1
202005,2020-05-01,2020,2020 Q2,5,May,May 2020,2020,100,9,1
202006,2020-06-01,2020,2020 Q2,6,Jun,Jun 2020,2020,101,9,1
202007,2020-07-01,2020,2020 Q3,7,Jul,Jul 2020,2021,102,9,1
202008,2020-08-01,2020,2020 Q3,8,Aug,Aug 2020,2021,103,9,1
202009,2020-09-01,2020,2020 Q3,9,Sep,Sep 2020,2021,104,9,1
202010,2020-10-01,2020,2020 Q4,10,Oct,Oct 2020,2021,105,9,1
202011,2020-11-01,2020,2020 Q4,11,Nov,Nov 2020,2021,106,9,1
202012,2020-12-01,2020,2020 Q4,12,Dec,Dec 2020,2021,107,9,1
202101,2021-01-01,2021,2021 Q1,1,Jan,Jan 2021,2021,108,9,1
202102,2021-02-01,2021,2021 Q1,2,Feb,Feb 2021,2021,109,9,1
202103,2021-03-01,2021,2021 Q1,3,Mar,Mar 2021,2021,110,9,1
202104,2021-04-01,2021,2021 Q2,4,Apr,Apr 2021,2021,111,9,1
202105,2021-05-01,2021,2021 Q2,5,May,May 2021,2021,112,9,1
202106,2021-06-01,2021,2021 Q2,6,Jun,Jun 2021,2021,113,9,1
202107,2021-07-01,2021,2021 Q3,7,Jul,Jul 2021,2022,114,9,1
202108,2021-08-01,2021,2021 Q3,8,Aug,Aug 2021,2022,115,9,1
202109,2021-09-01,2021,2021 Q3,9,Sep,Sep 2021,2022,116,9,1
202110,2021-10-01,2021,2021 Q4,10,Oct,Oct 2021,2022,117,9,1
202111,2021-11-01,2021,2021 Q4,11,Nov,Nov 2021,2022,118,9,1
202112,2021-12-01,2021,2021 Q4,12,Dec,Dec 2021,2022,119,9,1
202201,2022-01-01,2022,2022 Q1,1,Jan,Jan 2022,2022,120,9,1
202202,2022-02-01,2022,2022 Q1,2,Feb,Feb 2022,2022,121,9,1
202203,2022-03-01,2022,2022 Q1,3,Mar,Mar 2022,2022,122,9,1
202204,2022-04-01,2022,2022 Q2,4,Apr,Apr 2022,2022,123,9,1
202205,2022-05-01,2022,2022 Q2,5,May,May 2022,2022,124,9,1
202206,2022-06-01,2022,2022 Q2,6,Jun,Jun 2022,2022,125,9,1
202207,2022-07-01,2022,2022 Q3,7,Jul,Jul 2022,2023,126,9,1
202208,2022-08-01,2022,2022 Q3,8,Aug,Aug 2022,2023,127,9,1
202209,2022-09-01,2022,2022 Q3,9,Sep,Sep 2022,2023,128,8,0
202210,2022-10-01,2022,2022 Q4,10,Oct,Oct 2022,2023,129,9,1
202211,2022-11-01,2022,2022 Q4,11,Nov,Nov 2022,2023,130,9,1
202212,2022-12-01,2022,2022 Q4,12,Dec,Dec 2022,2023,131,9,1
202301,2023-01-01,2023,2023 Q1,1,Jan,Jan 2023,2023,132,9,1
202302,2023-02-01,2023,2023 Q1,2,Feb,Feb 2023,2023,133,9,1
202303,2023-03-01,2023,2023 Q1,3,Mar,Mar 2023,2023,134,9,1
202304,2023-04-01,2023,2023 Q2,4,Apr,Apr 2023,2023,135,9,1
202305,2023-05-01,2023,2023 Q2,5,May,May 2023,2023,136,9,1
202306,2023-06-01,2023,2023 Q2,6,Jun,Jun 2023,2023,137,9,1
202307,2023-07-01,2023,2023 Q3,7,Jul,Jul 2023,2024,138,9,1
202308,2023-08-01,2023,2023 Q3,8,Aug,Aug 2023,2024,139,9,1
202309,2023-09-01,2023,2023 Q3,9,Sep,Sep 2023,2024,140,9,1
202310,2023-10-01,2023,2023 Q4,10,Oct,Oct 2023,2024,141,9,1
202311,2023-11-01,2023,2023 Q4,11,Nov,Nov 2023,2024,142,9,1
202312,2023-12-01,2023,2023 Q4,12,Dec,Dec 2023,2024,143,9,1
202401,2024-01-01,2024,2024 Q1,1,Jan,Jan 2024,2024,144,9,1
202402,2024-02-01,2024,2024 Q1,2,Feb,Feb 2024,2024,145,9,1
202403,2024-03-01,2024,2024 Q1,3,Mar,Mar 2024,2024,146,9,1
202404,2024-04-01,2024,2024 Q2,4,Apr,Apr 2024,2024,147,9,1
202405,2024-05-01,2024,2024 Q2,5,May,May 2024,2024,148,9,1
202406,2024-06-01,2024,2024 Q2,6,Jun,Jun 2024,2024,149,9,1
202407,2024-07-01,2024,2024 Q3,7,Jul,Jul 2024,2025,150,9,1
202408,2024-08-01,2024,2024 Q3,8,Aug,Aug 2024,2025,151,9,1
202409,2024-09-01,2024,2024 Q3,9,Sep,Sep 2024,2025,152,9,1
202410,2024-10-01,2024,2024 Q4,10,Oct,Oct 2024,2025,153,9,1
202411,2024-11-01,2024,2024 Q4,11,Nov,Nov 2024,2025,154,9,1
202412,2024-12-01,2024,2024 Q4,12,Dec,Dec 2024,2025,155,9,1
202501,2025-01-01,2025,2025 Q1,1,Jan,Jan 2025,2025,156,9,1
202502,2025-02-01,2025,2025 Q1,2,Feb,Feb 2025,2025,157,9,1
202503,2025-03-01,2025,2025 Q1,3,Mar,Mar 2025,2025,158,9,1
202504,2025-04-01,2025,2025 Q2,4,Apr,Apr 2025,2025,159,9,1
202505,2025-05-01,2025,2025 Q2,5,May,May 2025,2025,160,9,1
202506,2025-06-01,2025,2025 Q2,6,Jun,Jun 2025,2025,161,9,1
202507,2025-07-01,2025,2025 Q3,7,Jul,Jul 2025,2026,162,8,0
202508,2025-08-01,2025,2025 Q3,8,Aug,Aug 2025,2026,163,8,0
202509,2025-09-01,2025,2025 Q3,9,Sep,Sep 2025,2026,164,8,0
202510,2025-10-01,2025,2025 Q4,10,Oct,Oct 2025,2026,165,8,0
202511,2025-11-01,2025,2025 Q4,11,Nov,Nov 2025,2026,166,8,0
202512,2025-12-01,2025,2025 Q4,12,Dec,Dec 2025,2026,167,8,0
202601,2026-01-01,2026,2026 Q1,1,Jan,Jan 2026,2026,168,8,0
202602,2026-02-01,2026,2026 Q1,2,Feb,Feb 2026,2026,169,8,0
202603,2026-03-01,2026,2026 Q1,3,Mar,Mar 2026,2026,170,8,0
202604,2026-04-01,2026,2026 Q2,4,Apr,Apr 2026,2026,171,8,0
202605,2026-05-01,2026,2026 Q2,5,May,May 2026,2026,172,8,0
202606,2026-06-01,2026,2026 Q2,6,Jun,Jun 2026,2026,173,8,0
